CustomerID,Age,Gender,Location,HasChurned
1,33,Male,Urban,0
2,19,Male,Suburban,0
3,64,Male,Urban,0
4,24,Male,Urban,0
5,22,Female,Suburban,0
6,47,Male,Suburban,1
7,58,Male,Suburban,0
8,61,Female,Urban,0
9,31,Male,Suburban,1
10,54,Male,Urban,0
11,51,Female,Suburban,0
12,61,Male,Urban,0
13,27,Female,Suburban,0
14,33,Other,Urban,0
15,54,Female,Suburban,0
16,46,Female,Urban,0
17,41,Female,Urban,0
18,40,Male,Urban,0
19,52,Female,Urban,0
20,57,Female,Urban,1
21,28,Female,Urban,0
22,38,Female,Urban,0
23,60,Male,Suburban,1
24,24,Male,Urban,0
25,63,Female,Suburban,0
26,32,Female,Urban,1
27,63,Female,Urban,0
28,56,Female,Urban,1
29,45,Female,Suburban,0
30,52,Female,Rural,1
31,43,Female,Urban,0
32,23,Female,Urban,0
33,27,Female,Rural,0
34,46,Male,Suburban,0
35,62,Female,Urban,0
36,36,Female,Rural,0
37,56,Female,Urban,0
38,43,Male,Rural,0
39,59,Female,Urban,1
40,62,Male,Urban,0
41,44,Male,Suburban,0
42,27,Female,Urban,0
43,47,Male,Suburban,0
44,21,Male,Urban,0
45,46,Female,Urban,0
46,43,Female,Urban,0
47,51,Male,Rural,0
48,23,Male,Urban,1
49,32,Male,Urban,0
50,64,Female,Urban,0
51,18,Female,Suburban,0
52,55,Male,Suburban,0
53,38,Male,Urban,0
54,56,Female,Urban,0
55,21,Female,Urban,0
56,30,Male,Urban,0
57,36,Male,Suburban,0
58,43,Male,Urban,0
59,24,Male,Suburban,0
60,44,Female,Rural,1
61,38,Female,Urban,0
62,49,Female,Urban,0
63,42,Male,Suburban,0
64,58,Male,Suburban,0
65,35,Female,Urban,0
66,59,Male,Urban,0
67,41,Female,Urban,0
68,46,Male,Suburban,0
69,27,Female,Suburban,0
70,57,Female,Urban,0
71,39,Female,Urban,0
72,53,Female,Suburban,1
73,60,Male,Urban,0
74,50,Male,Urban,0
75,41,Female,Rural,1
76,49,Male,Urban,0
77,18,Female,Urban,0
78,32,Male,Urban,1
79,36,Male,Urban,0
80,24,Female,Suburban,0
81,43,Male,Urban,0
82,34,Female,Urban,0
83,50,Male,Urban,1
84,59,Male,Suburban,0
85,47,Female,Suburban,0
86,46,Female,Rural,0
87,63,Male,Suburban,0
88,35,Female,Urban,0
89,55,Male,Urban,0
90,46,Male,Urban,0
91,20,Female,Suburban,0
92,53,Female,Urban,0
93,40,Female,Urban,0
94,23,Female,Suburban,1
95,33,Female,Urban,1
96,44,Male,Urban,0
97,43,Male,Suburban,0
98,26,Male,Urban,0
99,36,Male,Suburban,0
100,28,Male,Rural,1
101,58,Male,Suburban,0
102,37,Male,Urban,0
103,37,Female,Urban,0
104,25,Female,Urban,1
105,48,Female,Rural,0
106,52,Male,Urban,0
107,36,Female,Suburban,0
108,59,Male,Urban,1
109,41,Male,Urban,0
110,44,Female,Suburban,0
111,61,Male,Urban,0
112,33,Male,Suburban,0
113,60,Female,Suburban,1
114,30,Female,Urban,0
115,34,Female,Rural,0
116,59,Male,Urban,0
117,27,Female,Urban,0
118,21,Male,Urban,0
119,26,Female,Urban,0
120,24,Female,Suburban,0
121,26,Female,Urban,0
122,59,Female,Urban,0
123,27,Male,Suburban,0
124,46,Male,Urban,1
125,57,Male,Urban,1
126,54,Female,Urban,0
127,45,Male,Suburban,1
128,31,Male,Urban,0
129,30,Other,Rural,0
130,42,Male,Urban,1
131,45,Female,Rural,0
132,52,Female,Suburban,0
133,60,Male,Suburban,0
134,27,Female,Suburban,0
135,42,Female,Urban,1
136,41,Male,Urban,0
137,57,Female,Suburban,1
138,29,Male,Urban,0
139,46,Female,Suburban,0
140,41,Male,Suburban,0
141,20,Male,Urban,1
142,31,Male,Urban,0
143,36,Female,Urban,0
144,19,Male,Urban,1
145,55,Other,Urban,1
146,63,Male,Urban,0
147,56,Male,Urban,0
148,34,Female,Urban,0
149,60,Female,Urban,0
150,34,Male,Rural,0
151,53,Male,Suburban,0
152,54,Female,Urban,0
153,35,Male,Suburban,0
154,23,Male,Urban,0
155,63,Male,Urban,0
156,29,Other,Urban,1
157,48,Male,Suburban,0
158,18,Male,Urban,0
159,23,Female,Suburban,0
160,28,Female,Rural,0
161,26,Male,Urban,0
162,48,Female,Suburban,0
163,35,Male,Urban,0
164,52,Male,Urban,0
165,39,Male,Suburban,0
166,23,Male,Urban,0
167,19,Male,Suburban,0
168,53,Female,Suburban,1
169,30,Female,Urban,1
170,32,Female,Urban,0
171,39,Male,Urban,0
172,34,Male,Suburban,0
173,29,Male,Urban,0
174,60,Male,Suburban,0
175,35,Female,Rural,0
176,33,Female,Urban,0
177,27,Female,Urban,0
178,20,Female,Suburban,0
179,19,Female,Suburban,0
180,23,Female,Suburban,0
181,31,Female,Urban,1
182,58,Female,Urban,0
183,64,Male,Rural,0
184,37,Female,Urban,0
185,57,Female,Urban,0
186,62,Female,Suburban,0
187,35,Female,Urban,0
188,18,Male,Urban,0
189,58,Female,Urban,1
190,52,Female,Urban,0
191,60,Male,Urban,0
192,46,Male,Urban,0
193,58,Female,Urban,0
194,53,Female,Urban,1
195,31,Female,Rural,0
196,36,Female,Rural,0
197,53,Male,Urban,0
198,59,Male,Urban,0
199,32,Female,Urban,0
200,49,Female,Urban,0
201,42,Male,Suburban,0
202,23,Male,Suburban,0
203,39,Female,Suburban,0
204,29,Female,Urban,1
205,31,Male,Suburban,0
206,33,Male,Urban,1
207,23,Male,Rural,0
208,62,Male,Urban,0
209,52,Male,Suburban,0
210,24,Female,Rural,0
211,31,Female,Suburban,0
212,27,Female,Urban,1
213,41,Female,Urban,0
214,57,Male,Suburban,0
215,53,Male,Urban,0
216,58,Other,Rural,0
217,32,Female,Suburban,0
218,37,Female,Urban,0
219,21,Female,Suburban,1
220,24,Female,Urban,0
221,29,Female,Suburban,1
222,56,Female,Urban,1
223,54,Female,Rural,0
224,18,Male,Urban,0
225,33,Female,Rural,0
226,42,Other,Rural,1
227,18,Female,Urban,1
228,51,Male,Urban,0
229,63,Female,Urban,0
230,22,Female,Urban,1
231,35,Female,Urban,0
232,30,Female,Suburban,0
233,41,Female,Urban,0
234,46,Male,Urban,0
235,62,Female,Urban,1
236,35,Female,Urban,0
237,35,Male,Urban,0
238,28,Male,Urban,0
239,24,Male,Suburban,1
240,40,Male,Suburban,1
241,34,Female,Urban,0
242,54,Female,Suburban,0
243,54,Female,Urban,0
244,39,Male,Urban,0
245,26,Female,Suburban,0
246,60,Other,Urban,0
247,57,Male,Urban,0
248,57,Female,Suburban,0
249,28,Female,Suburban,0
250,28,Female,Suburban,0
251,62,Female,Rural,0
252,57,Female,Urban,0
253,51,Female,Urban,0
254,19,Other,Suburban,0
255,56,Female,Rural,0
256,36,Female,Suburban,0
257,51,Male,Suburban,0
258,59,Female,Urban,1
259,39,Male,Urban,1
260,23,Male,Rural,0
261,43,Female,Rural,0
262,28,Other,Urban,0
263,31,Male,Urban,0
264,21,Male,Urban,0
265,60,Female,Urban,0
266,37,Female,Rural,0
267,43,Female,Urban,0
268,50,Male,Suburban,0
269,59,Male,Urban,0
270,56,Male,Suburban,1
271,37,Male,Urban,0
272,33,Male,Suburban,0
273,44,Male,Suburban,1
274,38,Male,Urban,1
275,22,Male,Rural,0
276,56,Male,Rural,0
277,62,Male,Urban,0
278,37,Female,Suburban,0
279,28,Other,Urban,0
280,52,Male,Urban,0
281,61,Female,Suburban,0
282,19,Female,Urban,0
283,57,Male,Urban,1
284,54,Male,Suburban,0
285,30,Female,Urban,0
286,37,Male,Suburban,0
287,35,Female,Rural,1
288,34,Male,Urban,1
289,33,Male,Suburban,0
290,31,Female,Urban,0
291,51,Male,Urban,0
292,19,Male,Rural,1
293,22,Female,Suburban,0
294,22,Male,Urban,0
295,18,Male,Suburban,1
296,24,Female,Urban,0
297,18,Other,Urban,0
298,26,Female,Suburban,0
299,41,Female,Urban,0
300,41,Male,Urban,0
301,42,Male,Suburban,0
302,28,Female,Rural,0
303,26,Male,Urban,0
304,62,Female,Urban,0
305,40,Female,Urban,0
306,55,Female,Suburban,0
307,41,Male,Urban,0
308,60,Female,Urban,0
309,60,Male,Urban,0
310,19,Female,Urban,0
311,23,Female,Urban,0
312,25,Female,Urban,0
313,56,Male,Suburban,0
314,30,Female,Urban,0
315,32,Male,Suburban,1
316,29,Female,Rural,0
317,61,Female,Urban,0
318,30,Male,Urban,0
319,27,Female,Urban,1
320,47,Male,Suburban,0
321,23,Female,Rural,0
322,42,Male,Suburban,1
323,43,Female,Suburban,0
324,22,Male,Suburban,0
325,30,Female,Suburban,1
326,29,Male,Urban,0
327,56,Male,Urban,0
328,38,Female,Rural,0
329,50,Female,Urban,0
330,46,Female,Urban,0
331,50,Female,Suburban,0
332,20,Male,Urban,1
333,48,Female,Urban,0
334,61,Female,Suburban,0
335,58,Male,Urban,0
336,44,Female,Urban,0
337,22,Female,Urban,0
338,31,Male,Urban,0
339,64,Male,Rural,0
340,21,Female,Suburban,0
341,49,Male,Rural,1
342,49,Male,Suburban,0
343,23,Male,Rural,0
344,60,Female,Urban,1
345,56,Other,Urban,0
346,32,Female,Urban,0
347,50,Male,Urban,0
348,41,Female,Urban,0
349,22,Male,Urban,0
350,22,Male,Urban,0
351,48,Male,Suburban,0
352,54,Male,Suburban,0
353,29,Female,Urban,0
354,20,Female,Urban,0
355,56,Female,Urban,0
356,37,Male,Suburban,1
357,54,Male,Rural,0
358,24,Female,Urban,0
359,32,Female,Urban,0
360,35,Female,Urban,0
361,46,Male,Suburban,0
362,64,Female,Urban,1
363,32,Male,Urban,0
364,44,Female,Urban,0
365,42,Other,Urban,1
366,44,Male,Suburban,1
367,48,Male,Urban,0
368,50,Male,Suburban,0
369,54,Female,Urban,0
370,46,Male,Urban,0
371,43,Female,Urban,0
372,64,Male,Suburban,0
373,22,Male,Urban,0
374,57,Male,Urban,0
375,25,Female,Urban,1
376,25,Male,Rural,0
377,48,Male,Urban,1
378,62,Female,Urban,0
379,60,Female,Urban,1
380,19,Male,Urban,0
381,49,Male,Suburban,1
382,49,Male,Urban,0
383,29,Female,Suburban,1
384,20,Female,Suburban,0
385,39,Female,Urban,0
386,52,Male,Urban,0
387,58,Female,Suburban,1
388,49,Female,Suburban,0
389,50,Female,Urban,0
390,21,Male,Rural,0
391,43,Male,Rural,0
392,40,Male,Urban,0
393,33,Female,Urban,0
394,33,Female,Suburban,0
395,21,Female,Suburban,0
396,24,Female,Rural,0
397,41,Male,Urban,0
398,61,Female,Urban,0
399,47,Male,Suburban,0
400,63,Male,Suburban,0
401,40,Male,Suburban,0
402,40,Male,Suburban,0
403,64,Female,Urban,1
404,55,Female,Urban,0
405,52,Female,Urban,0
406,49,Male,Suburban,0
407,47,Male,Urban,0
408,37,Male,Rural,0
409,63,Female,Urban,0
410,39,Female,Urban,0
411,59,Female,Urban,0
412,49,Female,Urban,0
413,38,Female,Urban,0
414,27,Female,Urban,0
415,21,Female,Suburban,0
416,59,Female,Urban,1
417,28,Female,Suburban,0
418,44,Female,Rural,0
419,64,Female,Suburban,0
420,57,Male,Urban,0
421,22,Male,Suburban,0
422,18,Male,Urban,0
423,55,Female,Urban,0
424,55,Female,Urban,0
425,61,Male,Urban,1
426,35,Male,Urban,1
427,30,Male,Urban,1
428,35,Male,Rural,0
429,51,Male,Suburban,0
430,31,Female,Urban,0
431,47,Male,Suburban,1
432,22,Male,Rural,0
433,57,Male,Urban,0
434,62,Female,Urban,0
435,28,Male,Urban,1
436,43,Female,Urban,0
437,35,Female,Urban,0
438,22,Male,Urban,0
439,30,Male,Urban,0
440,55,Female,Urban,0
441,57,Female,Urban,0
442,45,Male,Suburban,0
443,31,Male,Suburban,0
444,56,Female,Rural,0
445,33,Male,Suburban,0
446,50,Male,Urban,0
447,59,Male,Suburban,0
448,52,Male,Urban,0
449,59,Female,Urban,0
450,47,Female,Urban,0
451,55,Female,Urban,1
452,23,Male,Rural,0
453,18,Male,Suburban,0
454,35,Female,Suburban,0
455,56,Male,Urban,0
456,64,Male,Urban,0
457,19,Male,Urban,0
458,50,Female,Urban,1
459,44,Female,Urban,0
460,53,Male,Urban,0
461,53,Male,Urban,0
462,46,Male,Suburban,0
463,31,Female,Urban,0
464,19,Female,Rural,0
465,49,Male,Urban,0
466,49,Female,Suburban,0
467,42,Male,Suburban,0
468,28,Other,Urban,0
469,37,Female,Suburban,0
470,56,Male,Urban,0
471,41,Female,Suburban,1
472,26,Female,Urban,0
473,30,Male,Urban,0
474,52,Female,Urban,0
475,47,Male,Suburban,0
476,62,Female,Rural,0
477,63,Female,Urban,0
478,62,Female,Urban,0
479,35,Female,Urban,0
480,25,Male,Urban,0
481,39,Male,Suburban,1
482,30,Male,Urban,0
483,37,Female,Rural,0
484,20,Female,Urban,0
485,62,Male,Suburban,0
486,32,Female,Urban,1
487,29,Male,Urban,1
488,26,Female,Urban,0
489,42,Male,Urban,0
490,25,Male,Rural,0
491,21,Male,Suburban,0
492,39,Male,Urban,0
493,47,Female,Urban,0
494,48,Male,Suburban,1
495,54,Male,Urban,0
496,53,Female,Suburban,0
497,28,Male,Urban,1
498,27,Female,Suburban,0
499,42,Male,Rural,0
500,44,Female,Urban,0
501,34,Female,Suburban,0
502,34,Male,Urban,1
503,60,Female,Suburban,0
504,57,Female,Urban,0
505,54,Female,Suburban,0
506,20,Female,Urban,1
507,44,Female,Suburban,0
508,56,Female,Urban,0
509,40,Male,Suburban,0
510,34,Male,Rural,0
511,23,Male,Urban,1
512,31,Other,Suburban,0
513,49,Female,Rural,0
514,42,Male,Suburban,0
515,26,Male,Urban,0
516,35,Female,Suburban,0
517,33,Female,Suburban,0
518,62,Male,Urban,0
519,52,Female,Suburban,0
520,52,Female,Rural,0
521,41,Female,Urban,0
522,38,Female,Urban,0
523,49,Female,Rural,0
524,28,Female,Urban,0
525,22,Other,Suburban,0
526,28,Female,Urban,1
527,33,Female,Urban,0
528,52,Female,Urban,1
529,54,Male,Urban,1
530,54,Female,Urban,0
531,40,Male,Urban,0
532,18,Female,Rural,0
533,22,Male,Urban,0
534,56,Female,Suburban,0
535,43,Male,Urban,0
536,27,Female,Suburban,0
537,51,Male,Urban,0
538,28,Female,Urban,0
539,53,Male,Urban,0
540,19,Male,Rural,0
541,27,Male,Urban,0
542,29,Male,Urban,0
543,48,Male,Urban,0
544,44,Female,Suburban,1
545,57,Male,Urban,0
546,51,Male,Urban,1
547,43,Male,Urban,0
548,63,Other,Urban,0
549,49,Other,Urban,0
550,55,Male,Rural,0
551,47,Female,Urban,0
552,60,Female,Urban,0
553,41,Female,Urban,1
554,27,Male,Urban,0
555,39,Male,Urban,0
556,62,Female,Suburban,0
557,38,Male,Urban,1
558,63,Female,Urban,0
559,39,Male,Urban,1
560,19,Female,Urban,1
561,27,Other,Urban,0
562,49,Male,Urban,0
563,36,Male,Suburban,0
564,62,Female,Urban,0
565,22,Female,Suburban,1
566,35,Female,Urban,0
567,64,Female,Rural,0
568,32,Female,Rural,0
569,62,Female,Suburban,0
570,30,Male,Suburban,0
571,53,Female,Urban,0
572,27,Female,Suburban,0
573,59,Female,Suburban,0
574,37,Male,Urban,0
575,43,Male,Suburban,0
576,19,Male,Urban,0
577,19,Other,Urban,0
578,18,Female,Urban,0
579,35,Female,Suburban,0
580,24,Male,Rural,0
581,58,Female,Urban,0
582,41,Male,Suburban,0
583,29,Female,Suburban,0
584,18,Female,Rural,0
585,54,Male,Suburban,0
586,45,Female,Urban,0
587,23,Female,Suburban,0
588,50,Male,Urban,0
589,23,Male,Urban,1
590,22,Female,Suburban,0
591,52,Male,Urban,0
592,22,Female,Urban,1
593,52,Female,Urban,0
594,28,Female,Urban,1
595,58,Female,Urban,0
596,60,Female,Rural,1
597,58,Female,Urban,0
598,50,Female,Urban,0
599,23,Male,Urban,0
600,46,Male,Urban,0
601,36,Female,Urban,0
602,51,Female,Urban,0
603,56,Male,Urban,1
604,20,Female,Suburban,0
605,34,Male,Urban,0
606,62,Male,Suburban,1
607,51,Female,Urban,0
608,20,Female,Rural,1
609,53,Male,Suburban,0
610,31,Male,Urban,1
611,43,Female,Urban,0
612,49,Female,Rural,0
613,21,Female,Urban,1
614,62,Female,Suburban,0
615,42,Female,Urban,1
616,40,Female,Urban,0
617,37,Female,Suburban,0
618,40,Female,Urban,0
619,38,Female,Urban,0
620,47,Male,Suburban,0
621,44,Other,Urban,0
622,45,Male,Suburban,1
623,53,Female,Urban,0
624,48,Female,Urban,0
625,41,Female,Suburban,0
626,39,Male,Urban,0
627,25,Female,Urban,0
628,21,Male,Urban,1
629,29,Female,Urban,0
630,18,Male,Suburban,0
631,38,Male,Urban,0
632,45,Female,Suburban,1
633,41,Male,Suburban,1
634,59,Female,Urban,1
635,60,Female,Rural,0
636,48,Female,Rural,0
637,21,Female,Urban,0
638,40,Male,Suburban,0
639,38,Female,Suburban,0
640,38,Female,Suburban,0
641,28,Female,Rural,0
642,63,Female,Urban,1
643,36,Female,Suburban,1
644,43,Male,Urban,0
645,42,Male,Suburban,1
646,32,Other,Urban,0
647,41,Male,Urban,0
648,59,Female,Suburban,0
649,48,Male,Urban,0
650,56,Male,Rural,0
651,19,Female,Rural,0
652,60,Female,Urban,0
653,58,Male,Urban,0
654,37,Female,Urban,0
655,31,Female,Urban,1
656,26,Female,Urban,0
657,61,Male,Urban,0
658,25,Female,Urban,1
659,38,Male,Suburban,1
660,49,Female,Urban,0
661,51,Male,Urban,0
662,50,Female,Suburban,0
663,60,Male,Suburban,0
664,21,Male,Urban,0
665,18,Female,Urban,0
666,54,Male,Urban,1
667,32,Male,Urban,0
668,35,Female,Urban,0
669,51,Female,Rural,1
670,39,Female,Urban,0
671,46,Other,Urban,0
672,48,Female,Urban,0
673,29,Female,Urban,1
674,32,Male,Urban,1
675,22,Female,Urban,0
676,62,Male,Suburban,1
677,37,Male,Urban,0
678,58,Female,Urban,0
679,43,Female,Rural,0
680,23,Female,Suburban,1
681,48,Female,Urban,0
682,46,Male,Rural,0
683,32,Male,Urban,0
684,36,Male,Urban,1
685,22,Female,Urban,0
686,47,Female,Suburban,1
687,38,Other,Urban,0
688,62,Female,Urban,1
689,31,Female,Suburban,0
690,32,Male,Urban,0
691,62,Female,Urban,0
692,46,Female,Suburban,0
693,21,Male,Suburban,0
694,33,Female,Suburban,0
695,27,Female,Suburban,0
696,61,Female,Urban,0
697,41,Female,Urban,1
698,51,Female,Suburban,0
699,42,Male,Rural,0
700,38,Male,Suburban,0
701,55,Male,Suburban,1
702,35,Male,Suburban,0
703,60,Male,Urban,1
704,59,Female,Urban,0
705,40,Female,Urban,0
706,46,Female,Suburban,0
707,50,Female,Urban,0
708,54,Female,Urban,0
709,24,Female,Urban,0
710,28,Female,Urban,0
711,42,Male,Rural,0
712,53,Female,Rural,0
713,51,Male,Urban,0
714,24,Male,Rural,0
715,26,Female,Urban,1
716,55,Female,Suburban,0
717,57,Female,Suburban,0
718,20,Female,Rural,1
719,25,Male,Rural,0
720,53,Male,Urban,0
721,46,Female,Urban,0
722,56,Female,Urban,0
723,53,Male,Urban,1
724,42,Female,Urban,0
725,60,Male,Urban,0
726,36,Female,Urban,0
727,21,Female,Urban,0
728,37,Male,Suburban,1
729,49,Female,Urban,0
730,38,Female,Urban,0
731,32,Male,Urban,0
732,30,Female,Suburban,0
733,58,Male,Rural,1
734,23,Female,Suburban,0
735,37,Male,Urban,0
736,23,Female,Suburban,1
737,62,Male,Urban,0
738,30,Female,Suburban,1
739,49,Female,Suburban,0
740,21,Male,Urban,1
741,31,Male,Urban,0
742,57,Female,Rural,0
743,33,Male,Urban,0
744,45,Female,Urban,0
745,46,Female,Urban,0
746,50,Male,Urban,0
747,50,Female,Rural,0
748,30,Other,Urban,0
749,59,Male,Urban,0
750,51,Female,Urban,1
751,53,Female,Urban,0
752,33,Male,Urban,0
753,48,Male,Suburban,1
754,52,Other,Urban,0
755,63,Male,Suburban,0
756,41,Male,Urban,0
757,30,Female,Urban,1
758,48,Male,Suburban,0
759,55,Other,Urban,0
760,51,Female,Urban,0
761,28,Male,Suburban,0
762,43,Female,Suburban,0
763,35,Female,Urban,0
764,26,Female,Rural,1
765,29,Female,Urban,0
766,57,Other,Urban,0
767,43,Male,Suburban,0
768,31,Female,Urban,1
769,58,Female,Urban,1
770,36,Female,Urban,1
771,60,Male,Urban,0
772,51,Male,Suburban,0
773,41,Male,Suburban,0
774,29,Female,Urban,0
775,61,Other,Suburban,0
776,31,Male,Suburban,0
777,62,Female,Rural,0
778,39,Other,Urban,1
779,47,Female,Urban,0
780,46,Female,Suburban,1
781,50,Female,Urban,0
782,43,Female,Suburban,0
783,62,Female,Urban,0
784,61,Male,Urban,0
785,43,Female,Rural,1
786,26,Female,Urban,0
787,33,Male,Urban,0
788,34,Female,Urban,0
789,55,Male,Rural,0
790,49,Male,Rural,0
791,59,Female,Urban,0
792,30,Male,Urban,0
793,26,Other,Suburban,1
794,19,Female,Suburban,0
795,57,Male,Urban,0
796,20,Female,Urban,0
797,62,Female,Urban,0
798,49,Male,Urban,0
799,38,Female,Suburban,0
800,31,Female,Urban,1
801,18,Female,Suburban,0
802,44,Other,Suburban,1
803,23,Other,Suburban,0
804,62,Other,Suburban,0
805,64,Female,Urban,0
806,18,Female,Urban,0
807,18,Male,Suburban,1
808,51,Female,Urban,0
809,57,Female,Suburban,0
810,49,Male,Urban,1
811,64,Female,Urban,0
812,58,Female,Urban,0
813,45,Male,Suburban,0
814,42,Female,Suburban,0
815,59,Female,Rural,0
816,38,Male,Urban,1
817,27,Female,Urban,0
818,45,Female,Suburban,0
819,57,Female,Suburban,0
820,35,Female,Urban,0
821,64,Male,Urban,0
822,60,Male,Urban,0
823,29,Female,Urban,1
824,60,Male,Urban,0
825,48,Female,Rural,1
826,34,Male,Urban,0
827,23,Female,Urban,1
828,33,Male,Urban,0
829,50,Male,Suburban,0
830,40,Female,Suburban,0
831,46,Female,Urban,1
832,48,Female,Rural,0
833,35,Other,Suburban,0
834,19,Female,Urban,0
835,37,Female,Suburban,0
836,21,Female,Urban,0
837,38,Male,Urban,1
838,44,Male,Urban,0
839,50,Female,Urban,0
840,42,Male,Urban,1
841,47,Male,Urban,0
842,55,Female,Urban,0
843,24,Female,Urban,0
844,43,Female,Suburban,0
845,64,Female,Urban,0
846,18,Female,Rural,0
847,33,Female,Urban,1
848,52,Other,Suburban,0
849,57,Female,Urban,1
850,52,Female,Rural,0
851,33,Female,Urban,1
852,52,Other,Urban,0
853,46,Female,Rural,0
854,64,Male,Urban,0
855,55,Male,Urban,0
856,55,Male,Suburban,0
857,47,Male,Suburban,0
858,63,Male,Urban,0
859,23,Male,Urban,1
860,20,Male,Urban,0
861,25,Male,Urban,0
862,64,Male,Suburban,0
863,25,Female,Suburban,0
864,35,Female,Urban,0
865,39,Female,Urban,0
866,42,Male,Suburban,0
867,64,Male,Urban,0
868,47,Male,Urban,0
869,47,Female,Suburban,0
870,46,Male,Suburban,1
871,31,Male,Suburban,0
872,39,Other,Urban,0
873,25,Female,Urban,0
874,30,Female,Urban,0
875,39,Female,Urban,0
876,19,Male,Urban,0
877,26,Female,Urban,0
878,40,Male,Urban,0
879,60,Female,Urban,1
880,30,Female,Suburban,0
881,61,Male,Urban,0
882,57,Female,Urban,0
883,25,Male,Urban,0
884,46,Other,Urban,0
885,27,Female,Urban,0
886,64,Female,Urban,0
887,43,Female,Suburban,1
888,23,Female,Urban,0
889,30,Male,Urban,0
890,57,Female,Urban,1
891,44,Female,Urban,1
892,36,Female,Suburban,0
893,56,Female,Urban,0
894,58,Male,Urban,0
895,53,Other,Rural,0
896,31,Male,Urban,0
897,53,Female,Urban,0
898,57,Male,Urban,0
899,40,Male,Urban,0
900,34,Female,Urban,0
901,34,Female,Urban,0
902,52,Male,Suburban,0
903,18,Male,Urban,0
904,25,Female,Suburban,0
905,62,Female,Suburban,0
906,42,Male,Suburban,0
907,27,Female,Urban,1
908,21,Male,Urban,0
909,27,Female,Urban,0
910,39,Female,Urban,0
911,47,Female,Urban,0
912,56,Female,Rural,0
913,18,Female,Rural,1
914,25,Male,Suburban,0
915,34,Male,Suburban,0
916,25,Male,Suburban,0
917,64,Female,Urban,0
918,41,Female,Suburban,0
919,59,Female,Suburban,0
920,34,Male,Urban,0
921,59,Female,Suburban,0
922,40,Male,Urban,0
923,54,Male,Urban,0
924,40,Female,Rural,0
925,21,Other,Urban,0
926,39,Female,Rural,0
927,61,Female,Suburban,0
928,23,Male,Suburban,0
929,45,Female,Suburban,1
930,42,Female,Urban,0
931,62,Male,Urban,0
932,50,Other,Urban,0
933,27,Female,Urban,0
934,35,Male,Rural,1
935,52,Female,Urban,0
936,33,Male,Suburban,0
937,61,Male,Urban,1
938,22,Male,Urban,0
939,38,Male,Urban,0
940,37,Female,Suburban,0
941,27,Female,Urban,0
942,49,Male,Suburban,0
943,45,Male,Urban,0
944,34,Male,Urban,0
945,20,Female,Urban,0
946,20,Female,Urban,0
947,21,Female,Urban,1
948,39,Female,Suburban,0
949,30,Female,Urban,0
950,44,Other,Urban,0
951,36,Male,Urban,0
952,42,Female,Suburban,0
953,50,Female,Suburban,0
954,39,Female,Suburban,1
955,33,Female,Rural,1
956,34,Female,Urban,0
957,19,Female,Urban,0
958,48,Male,Urban,0
959,27,Male,Suburban,0
960,49,Female,Rural,1
961,39,Male,Suburban,0
962,31,Female,Suburban,0
963,49,Male,Suburban,0
964,18,Female,Suburban,1
965,22,Female,Urban,1
966,42,Male,Urban,0
967,45,Male,Urban,0
968,36,Male,Urban,0
969,26,Female,Urban,0
970,34,Female,Suburban,0
971,21,Male,Urban,0
972,23,Male,Suburban,1
973,44,Female,Urban,0
974,18,Female,Suburban,0
975,40,Male,Suburban,0
976,41,Male,Urban,0
977,51,Male,Suburban,0
978,44,Other,Suburban,0
979,63,Female,Urban,0
980,51,Female,Urban,0
981,35,Female,Urban,1
982,46,Male,Suburban,0
983,29,Female,Suburban,1
984,55,Male,Suburban,0
985,50,Male,Urban,0
986,41,Male,Urban,1
987,22,Other,Urban,1
988,22,Male,Urban,0
989,23,Male,Urban,1
990,60,Male,Suburban,1
991,46,Female,Suburban,1
992,21,Female,Suburban,0
993,47,Male,Urban,0
994,61,Male,Urban,0
995,40,Male,Urban,0
996,44,Male,Urban,0
997,50,Other,Urban,0
998,27,Male,Rural,0
999,37,Male,Urban,0
1000,58,Female,Urban,0
